{
  "cols": 13,
  "data": {
    "example-0": [
      31.717714309692383,
      -9.407720565795898,
      5.202264785766602,
      8.990043640136719,
      2.6018948554992676,
      7.835328578948975,
      6.659428596496582,
      4.778371334075928,
      -1.1568132638931274,
      4.024096488952637,
      2.371540069580078,
      1.9942436218261719,
      1.764644980430603
    ],
    "example-1": [
      84.88249969482422,
      34.15715789794922,
      36.222373962402344,
      15.73678207397461,
      -1.8998603820800781,
      -1.3143012523651123,
      -7.414461135864258,
      -8.57751750946045,
      -4.5132856369018555,
      2.1617352962493896,
      6.727747917175293,
      -0.5920963883399963,
      0.13820697367191315
    ],
    "example-10": [
      64.71245574951172,
      23.67499351501465,
      38.0641975402832,
      14.369364738464355,
      4.427672863006592,
      -7.913318634033203,
      -4.108551979064941,
      -4.808995723724365,
      -3.341714859008789,
      -2.7110512256622314,
      1.3134393692016602,
      1.661853313446045,
      -1.7201976776123047
    ],
    "example-11": [
      106.41748809814453,
      6.861971378326416,
      13.410408020019531,
      -11.40994644165039,
      4.640394687652588,
      -18.29541015625,
      2.3104209899902344,
      20.27693748474121,
      0.0633099228143692,
      -6.528754234313965,
      2.1582653522491455,
      -7.005858898162842,
      18.32466697692871
    ],
    "example-12": [
      122.98363494873047,
      2.165672540664673,
      9.687535285949707,
      -16.636608123779297,
      7.437126159667969,
      -13.900081634521484,
      5.2236104011535645,
      19.33295440673828,
      2.9962425231933594,
      -9.21317195892334,
      2.3945510387420654,
      1.7982007265090942,
      8.110666275024414
    ],
    "example-13": [
      119.22879028320313,
      13.840441703796387,
      23.053991317749023,
      -16.525083541870117,
      -6.121275424957275,
      -11.972519874572754,
      12.480742454528809,
      17.06539535522461,
      -0.6142095923423767,
      -10.63326644897461,
      7.627662181854248,
      -1.8701704740524292,
      8.780712127685547
    ],
    "example-14": [
      112.43841552734375,
      18.87326431274414,
      23.528961181640625,
      -17.50264549255371,
      -2.956988573074341,
      -12.918155670166016,
      8.63616943359375,
      20.623271942138672,
      0.3043006956577301,
      -12.091646194458008,
      7.451215744018555,
      -2.0388710498809814,
      7.535849094390869
    ],
    "example-15": [
      118.2171859741211,
      18.64458656311035,
      22.937883377075195,
      -14.992624282836914,
      0.30234628915786743,
      -18.598434448242188,
      13.20675277709961,
      19.852975845336914,
      0.8988749384880066,
      -15.577452659606934,
      8.891223907470703,
      -1.9049443006515503,
      9.568706512451172
    ],
    "example-16": [
      112.82656860351563,
      18.385408401489258,
      30.889829635620117,
      -15.94792652130127,
      -4.175777435302734,
      -18.379535675048828,
      15.003090858459473,
      21.696802139282227,
      -1.768662691116333,
      -12.95751953125,
      8.527443885803223,
      -6.509685516357422,
      9.306689262390137
    ],
    "example-17": [
      110.07270812988281,
      17.56471061706543,
      27.939334869384766,
      -18.65627098083496,
      0.46845105290412903,
      -16.611865997314453,
      13.144547462463379,
      19.209842681884766,
      -2.2029483318328857,
      -10.457735061645508,
      9.528790473937988,
      -4.466556072235107,
      10.8555326461792
    ],
    "example-18": [
      112.52877807617188,
      19.276649475097656,
      29.526351928710938,
      -13.659290313720703,
      -4.7170562744140625,
      -15.392999649047852,
      14.435602188110352,
      15.71347427368164,
      -0.14646105468273163,
      -6.980882167816162,
      6.447998046875,
      -5.198026180267334,
      10.29803466796875
    ],
    "example-19": [
      117.23939514160156,
      21.958003997802734,
      21.18207550048828,
      -11.80387020111084,
      0.42933863401412964,
      -17.90235137939453,
      12.938135147094727,
      19.6258602142334,
      0.28747445344924927,
      -14.109636306762695,
      9.831123352050781,
      -2.0750882625579834,
      5.05056619644165
    ],
    "example-2": [
      88.7419662475586,
      32.65138626098633,
      43.639122009277344,
      26.039833068847656,
      10.27350902557373,
      3.633437395095825,
      -1.0700113773345947,
      -1.4852548837661743,
      -1.5138297080993652,
      1.0226305723190308,
      1.1704888343811035,
      -5.07228422164917,
      -6.840632438659668
    ],
    "example-20": [
      118.16687774658203,
      20.060171127319336,
      18.596336364746094,
      -5.664511203765869,
      -0.6458995342254639,
      -19.578489303588867,
      13.901769638061523,
      19.719524383544922,
      -0.009056233800947666,
      -13.395455360412598,
      7.148493766784668,
      -1.817905306816101,
      12.896589279174805
    ],
    "example-21": [
      114.5253677368164,
      27.600996017456055,
      21.33295249938965,
      -13.17670726776123,
      2.9192214012145996,
      -16.838930130004883,
      13.401110649108887,
      18.889719009399414,
      -1.7160651683807373,
      -12.10102367401123,
      6.909691333770752,
      -4.011168956756592,
      15.32943344116211
    ],
    "example-22": [
      113.14579772949219,
      25.280630111694336,
      26.276357650756836,
      -7.5004143714904785,
      -2.2918646335601807,
      -16.796899795532227,
      14.011372566223145,
      20.76548957824707,
      -1.4759325981140137,
      -13.09926700592041,
      7.404443264007568,
      -3.0502970218658447,
      10.91395092010498
    ],
    "example-23": [
      112.26970672607422,
      21.486103057861328,
      27.392290115356445,
      -5.00917911529541,
      -2.3746297359466553,
      -16.81138038635254,
      13.463347434997559,
      18.404037475585938,
      0.12669213116168976,
      -13.089458465576172,
      5.944025039672852,
      -0.5737096667289734,
      7.236631393432617
    ],
    "example-24": [
      117.73799896240234,
      19.35755729675293,
      28.1826229095459,
      -9.901630401611328,
      -3.8432343006134033,
      -10.254152297973633,
      13.310603141784668,
      16.856685638427734,
      -7.330596923828125,
      -8.738993644714355,
      10.530268669128418,
      -3.0561928749084473,
      7.024306774139404
    ],
    "example-25": [
      114.82194519042969,
      19.30002212524414,
      25.752525329589844,
      -9.621329307556152,
      -3.6352293491363525,
      -13.936651229858398,
      12.53321361541748,
      22.75286293029785,
      -4.220213890075684,
      -9.6476469039917,
      5.554439067840576,
      -1.0272449254989624,
      9.542033195495605
    ],
    "example-26": [
      106.087646484375,
      24.352895736694336,
      26.631534576416016,
      -9.520252227783203,
      -3.409421443939209,
      -12.88026237487793,
      12.990239143371582,
      16.570331573486328,
      0.9810923933982849,
      -16.85715675354004,
      10.539575576782227,
      0.9304865002632141,
      8.925456047058105
    ],
    "example-3": [
      60.98101806640625,
      29.151878356933594,
      39.24395751953125,
      20.84046745300293,
      12.559885025024414,
      1.7385025024414063,
      5.211387634277344,
      -0.36219263076782227,
      -0.49031737446784973,
      -0.9256868362426758,
      0.45134544372558594,
      -4.327762126922607,
      -0.8533702492713928
    ],
    "example-4": [
      58.9680061340332,
      21.075225830078125,
      41.0759391784668,
      0.883159875869751,
      -0.9462584257125854,
      -9.762799263000488,
      -1.8213399648666382,
      -3.6826088428497314,
      -0.3370559811592102,
      -6.557756423950195,
      2.083728075027466,
      0.6237525939941406,
      -3.291964292526245
    ],